zip,borough,Neighborhood
10451,Bronx,High Bridge and Morrisania
10452,Bronx,High Bridge and Morrisania
10453,Bronx,Central Bronx
10454,Bronx,Hunts Point and Mott Haven
10455,Bronx,Hunts Point and Mott Haven
10456,Bronx,High Bridge and Morrisania
10457,Bronx,Central Bronx
10458,Bronx,Bronx Park and Fordham
10459,Bronx,Hunts Point and Mott Haven
10460,Bronx,Central Bronx
10461,Bronx,Southeast Bronx
10462,Bronx,Southeast Bronx
10463,Bronx,Kingsbridge and Riverdale
10464,Bronx,Southeast Bronx
10465,Bronx,Southeast Bronx
10466,Bronx,Northeast Bronx
10467,Bronx,Bronx Park and Fordham
10468,Bronx,Bronx Park and Fordham
10469,Bronx,Northeast Bronx
10470,Bronx,Northeast Bronx
10471,Bronx,Kingsbridge and Riverdale
10472,Bronx,Southeast Bronx
10473,Bronx,Southeast Bronx
10474,Bronx,Hunts Point and Mott Haven
10475,Bronx,Northeast Bronx
11201,Brooklyn,Northwest Brooklyn
11203,Brooklyn,Flatbush
11204,Brooklyn,Borough Park
11205,Brooklyn,Northwest Brooklyn
11206,Brooklyn,Bushwick and Williamsburg
11207,Brooklyn,East New York and New Lots
11208,Brooklyn,East New York and New Lots
11209,Brooklyn,Southwest Brooklyn
11210,Brooklyn,Flatbush
11211,Brooklyn,Greenpoint
11212,Brooklyn,Central Brooklyn
11213,Brooklyn,Central Brooklyn
11214,Brooklyn,Southwest Brooklyn
11215,Brooklyn,Northwest Brooklyn
11216,Brooklyn,Central Brooklyn
11217,Brooklyn,Northwest Brooklyn
11218,Brooklyn,Borough Park
11219,Brooklyn,Borough Park
11220,Brooklyn,Sunset Park
11221,Brooklyn,Bushwick and Williamsburg
11222,Brooklyn,Greenpoint
11223,Brooklyn,Southern Brooklyn
11224,Brooklyn,Southern Brooklyn
11225,Brooklyn,Flatbush
11226,Brooklyn,Flatbush
11228,Brooklyn,Southwest Brooklyn
11229,Brooklyn,Southern Brooklyn
11230,Brooklyn,Borough Park
11231,Brooklyn,Northwest Brooklyn
11232,Brooklyn,Sunset Park
11233,Brooklyn,Central Brooklyn
11234,Brooklyn,Canarsie and Flatlands
11235,Brooklyn,Southern Brooklyn
11236,Brooklyn,Canarsie and Flatlands
11237,Brooklyn,Bushwick and Williamsburg
11238,Brooklyn,Central Brooklyn
11239,Brooklyn,Canarsie and Flatlands
11241,Brooklyn,N/A
11242,Brooklyn,N/A
11243,Brooklyn,N/A
11249,Brooklyn,N/A
11252,Brooklyn,N/A
11256,Brooklyn,N/A
10001,Manhattan,Chelsea and Clinton
10002,Manhattan,Lower East Side
10003,Manhattan,Lower East Side
10004,Manhattan,Lower Manhattan
10005,Manhattan,Lower Manhattan
10006,Manhattan,Lower Manhattan
10007,Manhattan,Lower Manhattan
10009,Manhattan,Lower East Side
10010,Manhattan,Gramercy Park and Murray Hill
10011,Manhattan,Chelsea and Clinton
10012,Manhattan,Greenwich Village and Soho
10013,Manhattan,Greenwich Village and Soho
10014,Manhattan,Greenwich Village and Soho
10015,Manhattan,N/A
10016,Manhattan,Gramercy Park and Murray Hill
10017,Manhattan,Gramercy Park and Murray Hill
10018,Manhattan,Chelsea and Clinton
10019,Manhattan,Chelsea and Clinton
10020,Manhattan,Chelsea and Clinton
10021,Manhattan,Upper East Side
10022,Manhattan,Gramercy Park and Murray Hill
10023,Manhattan,Upper West Side
10024,Manhattan,Upper West Side
10025,Manhattan,Upper West Side
10026,Manhattan,Central Harlem
10027,Manhattan,Central Harlem
10028,Manhattan,Upper East Side
10029,Manhattan,East Harlem
10030,Manhattan,Central Harlem
10031,Manhattan,Inwood and Washington Heights
10032,Manhattan,Inwood and Washington Heights
10033,Manhattan,Inwood and Washington Heights
10034,Manhattan,Inwood and Washington Heights
10035,Manhattan,East Harlem
10036,Manhattan,Chelsea and Clinton
10037,Manhattan,Central Harlem
10038,Manhattan,Lower Manhattan
10039,Manhattan,Central Harlem
10040,Manhattan,Inwood and Washington Heights
10041,Manhattan,N/A
10044,Manhattan,Upper East Side
10045,Manhattan,N/A
10048,Manhattan,N/A
10055,Manhattan,N/A
10060,Manhattan,N/A
10065,Manhattan,Upper East Side
10069,Manhattan,Upper West Side
10075,Manhattan,Upper East Side
10090,Manhattan,N/A
10095,Manhattan,N/A
10098,Manhattan,N/A
10099,Manhattan,N/A
10103,Manhattan,N/A
10104,Manhattan,N/A
10105,Manhattan,N/A
10106,Manhattan,N/A
10107,Manhattan,N/A
10110,Manhattan,N/A
10111,Manhattan,N/A
10112,Manhattan,N/A
10115,Manhattan,N/A
10118,Manhattan,N/A
10119,Manhattan,N/A
10120,Manhattan,N/A
10121,Manhattan,N/A
10122,Manhattan,N/A
10123,Manhattan,N/A
10128,Manhattan,Upper East Side
10151,Manhattan,N/A
10152,Manhattan,N/A
10153,Manhattan,N/A
10154,Manhattan,N/A
10155,Manhattan,N/A
10158,Manhattan,N/A
10161,Manhattan,N/A
10162,Manhattan,Upper East Side
10165,Manhattan,N/A
10166,Manhattan,N/A
10167,Manhattan,N/A
10168,Manhattan,N/A
10169,Manhattan,N/A
10170,Manhattan,N/A
10171,Manhattan,N/A
10172,Manhattan,N/A
10173,Manhattan,N/A
10174,Manhattan,N/A
10175,Manhattan,N/A
10176,Manhattan,N/A
10177,Manhattan,N/A
10178,Manhattan,N/A
10199,Manhattan,N/A
10270,Manhattan,N/A
10271,Manhattan,N/A
10278,Manhattan,N/A
10279,Manhattan,N/A
10280,Manhattan,Lower Manhattan
10281,Manhattan,N/A
10282,Manhattan,Lower Manhattan
11004,Queens,Southeast Queens
11005,Queens,Southeast Queens
11101,Queens,Northwest Queens
11102,Queens,Northwest Queens
11103,Queens,Northwest Queens
11104,Queens,Northwest Queens
11105,Queens,Northwest Queens
11106,Queens,Northwest Queens
11109,Queens,Southwest Queens
11351,Queens,N/A
11354,Queens,North Queens
11355,Queens,North Queens
11356,Queens,North Queens
11357,Queens,North Queens
11358,Queens,North Queens
11359,Queens,North Queens
11360,Queens,North Queens
11361,Queens,Northeast Queens
11362,Queens,Northeast Queens
11363,Queens,Northeast Queens
11364,Queens,Northeast Queens
11365,Queens,Central Queens
11366,Queens,Central Queens
11367,Queens,Central Queens
11368,Queens,West Queens
11369,Queens,West Queens
11370,Queens,West Queens
11371,Queens,N/A
11372,Queens,West Queens
11373,Queens,West Queens
11374,Queens,West Central Queens
11375,Queens,West Central Queens
11377,Queens,West Queens
11378,Queens,West Queens
11379,Queens,West Central Queens
11385,Queens,West Central Queens
11411,Queens,Southeast Queens
11412,Queens,Jamaica
11413,Queens,Southeast Queens
11414,Queens,Southwest Queens
11415,Queens,Southwest Queens
11416,Queens,Southwest Queens
11417,Queens,Southwest Queens
11418,Queens,Southwest Queens
11419,Queens,Southwest Queens
11420,Queens,Southwest Queens
11421,Queens,Southwest Queens
11422,Queens,Southeast Queens
11423,Queens,Jamaica
11426,Queens,Southeast Queens
11427,Queens,Southeast Queens
11428,Queens,Southeast Queens
11429,Queens,Southeast Queens
11430,Queens,N/A
11432,Queens,Jamaica
11433,Queens,Jamaica
11434,Queens,Jamaica
11435,Queens,Jamaica
11436,Queens,Jamaica
11691,Queens,Rockaways
11692,Queens,Rockaways
11693,Queens,Rockaways
11694,Queens,Rockaways
11695,Queens,Rockaways
11697,Queens,Rockaways
10301,Staten,Stapleton and St. George
10302,Staten,Port Richmond
10303,Staten,Port Richmond
10304,Staten,Stapleton and St. George
10305,Staten,Stapleton and St. George
10306,Staten,South Shore
10307,Staten,South Shore
10308,Staten,South Shore
10309,Staten,South Shore
10310,Staten,Port Richmond
10311,Staten,N/A
10312,Staten,South Shore
10314,Staten,Mid-Island
